Topics,Coherence
1,0.3199952061275717
3,0.4225997887177983
5,0.42534226894210975
7,0.4396654543057062
9,0.4301966042838731
11,0.4465923069920358
13,0.4707744922163799
15,0.4604610193665757
17,0.4472730152476898
19,0.4574465578586566
21,0.4240267996219293
23,0.4407508539598623
25,0.4303552608320688
27,0.42585455667812666
29,0.420075732286359
